Source class,Source name,L (Jy kpc^2),vW (GHz s)
Pulsar,J0901-4046,89.0e-6,0.4186
Pulsar,B0011+47,0.0099372,0.012418
Pulsar,B0021-72C,0.014406,0.000112
Pulsar,J0026+6320,0.18496,0.001134
Pulsar,B0031-07,0.0057024,0.007938
Pulsar,J0034-0534,0.000585844,0.000112
Pulsar,B0037+56,0.0120422,0.001708
Pulsar,J0045-7042,0.40396,0.00266
Pulsar,J0045-7319,1.10171,0.0028
Pulsar,B0052+51,0.00864,0.01022
Pulsar,B0059+65,0.007203,0.012558
Pulsar,B0105+65,0.00245025,0.00315
Pulsar,J0111-7131,0.220342,0.00182
Pulsar,B0114+58,0.00137388,0.000574
Pulsar,J0131-7310,0.550854,0.000672
Pulsar,J0134-2937,0.00760416,0.00091
Pulsar,B0136+57,0.0384197,0.000728
Pulsar,B0138+59,0.03042,0.004886
Pulsar,B0144+59,0.00766101,0.00098
Pulsar,B0148-06,0.00484237,0.007966
Pulsar,B0149-16,0.00093615,0.002492
Pulsar,B0154+61,0.00492499,0.004676
Pulsar,J0205+6449,0.0004096,0.000322
Pulsar,B0203-40,0.0007744,0.00112
Pulsar,B0226+70,0.00151875,0.00476
Pulsar,B0254-53,0.0039675,0.00126
Pulsar,B0301+19,0.0027075,0.008176
Pulsar,B0320+39,0.00199809,0.005978
Pulsar,B0329+54,0.228091,0.000924
Pulsar,B0331+45,0.00346112,0.000854
Pulsar,B0339+53,0.00184512,0.006286
Pulsar,J0343-3000,0.00443556,0.00672
Pulsar,B0353+52,0.0425085,0.00175
Pulsar,B0355+54,0.02783,0.000546
Pulsar,B0403-76,0.0315,0.00252
Pulsar,B0402+61,0.026047,0.002576
Pulsar,B0410+69,0.00123245,0.000616
Pulsar,J0421-0345,0.00477405,0.0035
Pulsar,J0437-4715,0.0036352,0.00013566
Pulsar,J0448-2749,0.00576583,0.0014
Pulsar,J0449-7031,0.323905,0.001106
Pulsar,B0447-12,0.00962361,0.00266
Pulsar,J0451-67,0.115681,0.00077
Pulsar,B0450-18,0.0522559,0.004018
Pulsar,B0450+55,0.0081133,0.001134
Pulsar,J0456-7031,0.115681,0.00112
Pulsar,J0457-6337,0.00155585,0.00504
Pulsar,J0459-0210,0.000845,0.00224
Pulsar,B0458+46,0.007921,0.003178
Pulsar,J0511-6508,0.00329623,0.00168
Pulsar,J0519-6932,0.740355,0.000574
Pulsar,J0520-2553,0.00240818,0.00084
Pulsar,J0522-6847,0.439586,0.00168
Pulsar,B0523+11,0.0943718,0.002226
Pulsar,B0525+21,0.0467856,0.02597
Pulsar,B0529-66,0.694083,0.00336
Pulsar,J0532-6639,0.185089,0.00126
Pulsar,B0531+21,0.056,0.00042
Pulsar,J0534-6703,0.185089,0.0035
Pulsar,B0538-75,0.0140608,0.0105
Pulsar,J0538+2817,0.00410571,0.000378
Pulsar,B0540-69,0.0462722,0.00252
Pulsar,B0540+23,0.112784,0.000868
Pulsar,J0543-6851,0.508994,0.00812
Pulsar,J0555-7056,0.485858,0.00378
Pulsar,B0559-05,0.142129,0.001624
Pulsar,J0610-2100,0.0127238,2.8e-05
Pulsar,B0609+37,0.0088804,0.000742
Pulsar,J0613-0200,0.00032256,7.98e-05
Pulsar,B0611+22,0.0494287,0.000966
Pulsar,J0621+1002,0.00671536,0.001281
Pulsar,B0621-04,0.0366368,0.00728
Pulsar,B0626+24,0.0697885,0.001232
Pulsar,B0628-28,0.0025047,0.008148
Pulsar,J0633-2015,0.0122931,0.0084
Pulsar,J0636-4549,9.604e-05,0.00252
Pulsar,B0643+80,0.00454276,0.001946
Pulsar,J0656-2228,0.00192246,0.00224
Pulsar,B0656+14,0.00031117,0.002576
Pulsar,B0655+64,6.912e-05,0.00084
Pulsar,J0711-6830,0.00173056,0.000266
Pulsar,J0719-2545,0.0900987,0.00238
Pulsar,J0725-1635,0.00722779,0.000574
Pulsar,J0726-2612,0.00181202,0.00434
Pulsar,B0727-18,0.0147875,0.000826
Pulsar,J0729-1448,0.0133678,0.00175
Pulsar,J0733-2345,0.0103336,0.0028
Pulsar,J0737-2202,0.0086903,0.000882
Pulsar,J0737-3039A,0.002116,0.002002
Pulsar,J0737-3039B,0.00171925,0.00812
Pulsar,B0736-40,9.73287,0.00406
Pulsar,B0740-28,0.0535815,0.000756
Pulsar,J0746-4529,0.00652082,0.00546
Pulsar,J0749-4247,0.00334176,0.0028
Pulsar,J0751+1807,0.00123008,9.8e-05
Pulsar,B0751+32,0.00921984,0.001708
Pulsar,B0756-15,0.0276768,0.001064
Pulsar,B0808-47,0.484632,0.0021
Pulsar,B0809+74,0.001849,0.005796
Pulsar,J0818-3232,0.0072962,0.00294
Pulsar,B0818-13,0.0420175,0.003094
Pulsar,B0818-41,0.0294549,0.0189
Pulsar,J0820-3921,0.00766322,0.00616
Pulsar,J0821-4221,0.0659571,0.00238
Pulsar,B0820+02,0.0031104,0.002968
Pulsar,B0823+26,0.001296,0.000812
Pulsar,B0826-34,7.29e-05,0.1036
Pulsar,J0831-4406,0.0696827,0.000854
Pulsar,J0834-4159,0.0180248,0.000812
Pulsar,B0833-45,0.09251,0.000294
Pulsar,J0835-3707,0.00153317,0.000686
Pulsar,B0834+06,0.0020736,0.003346
Pulsar,B0835-41,0.287642,0.001246
Pulsar,J0838-2621,0.00415872,0.00098
Pulsar,J0838-3947,0.00741445,0.00798
Pulsar,B0839-53,0.120746,0.00322
Pulsar,B0840-48,0.0469278,0.001162
Pulsar,J0843-5022,0.0183322,0.000854
Pulsar,B0844-35,0.00552123,0.00308
Pulsar,B0853-33,0.00087846,0.003192
Pulsar,J0855-4644,0.019602,0.00105
Pulsar,J0855-4658,0.184856,0.00154
Pulsar,J0857-4424,0.037524,0.001386
Pulsar,J0900-3144,0.00255512,0.000112
Pulsar,J0901-4624,0.0255997,0.000714
Pulsar,B0903-42,0.011616,0.00294
Pulsar,B0904-74,0.272273,0.0028
Pulsar,J0905-4536,0.00632261,0.0049
Pulsar,J0905-5127,0.0772468,0.00126
Pulsar,B0905-51,0.0653092,0.00182
Pulsar,B0906-17,0.00127008,0.00133
Pulsar,B0906-49,0.431649,0.000392
Pulsar,B0917+63,0.00031205,0.00532
Pulsar,B0919+06,0.006048,0.00147
Pulsar,J0922-4949,0.0559192,0.000966
Pulsar,B0922-52,0.0346193,0.0021
Pulsar,B0923-58,0.0156868,0.00574
Pulsar,J0932-5327,0.00246037,0.00868
Pulsar,B0932-52,0.010092,0.0035
Pulsar,J0940-5428,0.0120337,0.000686
Pulsar,J0941-5244,0.00890669,0.00252
Pulsar,B0940-55,0.403225,0.00154
Pulsar,B0941-56,0.0185075,0.00098
Pulsar,B0940+16,0.00433664,0.009814
Pulsar,B0942-13,0.00028566,0.000966
Pulsar,J0945-4833,0.0028642,0.000644
Pulsar,B0950+08,0.0056784,0.00133
Pulsar,J0954-5430,0.0138384,0.00105
Pulsar,B0953-52,0.0222939,0.001092
Pulsar,J0957-5432,0.00882,0.000504
Pulsar,J1000-5149,0.00141151,0.00063
Pulsar,B0959-54,0.0807433,0.0021
Pulsar,J1001-5559,0.0099351,0.00238
Pulsar,J1001-5939,0.00195481,0.00546
Pulsar,J1002-5559,0.0364148,0.0035
Pulsar,B1011-58,0.174793,0.0014
Pulsar,J1012+5307,0.0008112,9.66e-05
Pulsar,J1012-5830,0.00228125,0.00434
Pulsar,J1013-5934,0.243471,0.001036
Pulsar,J1015-5719,0.0213452,0.00644
Pulsar,B1014-53,0.005125,0.001218
Pulsar,J1016-5819,0.00661676,0.000588
Pulsar,J1016-5857,0.039871,0.001092
Pulsar,B1015-56,0.402428,0.001022
Pulsar,B1016-16,0.00641574,0.004284
Pulsar,J1019-5749,0.72,0.00616
Pulsar,J1020-5921,0.00308898,0.00266
Pulsar,J1020-6026,0.126,0.00196
Pulsar,J1021-5601,0.00742605,0.00728
Pulsar,J1022+1001,0.00048,0.0001498
Pulsar,J1022-5813,0.18,0.00504
Pulsar,J1024-0719,0.000185394,8.26e-05
Pulsar,J1028-5819,0.00274234,2.24e-05
Pulsar,J1031-6117,0.108,0.0014
Pulsar,B1030-58,0.0495597,0.001078
Pulsar,J1032-5206,0.0033836,0.00294
Pulsar,J1034-3224,0.102941,0.00322
Pulsar,J1035-6345,0.0102652,0.001148
Pulsar,B1036-58,0.00466487,0.00224
Pulsar,J1038+0032,0.00111392,0.000294
Pulsar,B1039-19,0.0404496,0.008652
Pulsar,B1039-55,0.0299476,0.0035
Pulsar,J1043-6116,0.301428,0.00098
Pulsar,J1045-4509,0.0314928,0.0001148
Pulsar,B1044-57,0.025344,0.001274
Pulsar,J1046+0304,0.00151875,0.00322
Pulsar,J1047-3032,0.00308513,0.00224
Pulsar,J1047-6709,0.0872356,0.00126
Pulsar,B1046-58,0.0577226,0.000784
Pulsar,J1049-5833,0.0681645,0.00462
Pulsar,J1052-5954,0.0275404,0.00154
Pulsar,J1052-6348,0.00267354,0.0014
Pulsar,J1054-5943,0.0143766,0.000672
Pulsar,J1054-6452,0.066504,0.00308
Pulsar,J1055-6022,0.107578,0.00322
Pulsar,J1055-6028,0.702,0.00084
Pulsar,J1055-6236,0.00158995,0.001022
Pulsar,B1054-62,3.91277,0.0028
Pulsar,J1056-5709,0.0341123,0.00224
Pulsar,J1058-5957,0.0257816,0.00224
Pulsar,B1056-57,0.00900912,0.00252
Pulsar,J1103-6025,0.00793031,0.00077
Pulsar,J1104-6103,0.00128066,0.000686
Pulsar,J1105-6107,0.0374887,0.000672
Pulsar,J1106-6438,0.0109167,0.00378
Pulsar,B1105-59,0.00538859,0.0063
Pulsar,J1107-5907,0.000596232,0.001302
Pulsar,J1107-6143,0.0715306,0.00364
Pulsar,B1107-56,0.15169,0.00308
Pulsar,B1110-65,0.969478,0.0021
Pulsar,J1112-6103,1.26,0.00154
Pulsar,B1112-60,1.8,0.00406
Pulsar,B1112+50,0.0008748,0.002324
Pulsar,J1115-6052,0.0173651,0.000756
Pulsar,B1114-41,0.0215472,0.00196
Pulsar,J1117-6154,0.340588,0.001246
Pulsar,J1117-6447,0.102969,0.00854
Pulsar,J1119-6127,0.056448,0.00336
Pulsar,B1119-54,0.30951,0.00294
Pulsar,J1123-6102,0.115308,0.0014
Pulsar,J1123-6259,0.0318369,0.000924
Pulsar,J1123-6651,0.00435974,0.00224
Pulsar,J1124-5638,0.174712,0.0021
Pulsar,J1124-6421,0.0421819,0.00182
Pulsar,J1125-6014,0.00018818,2.94e-05
Pulsar,B1124-60,0.0648025,0.000714
Pulsar,J1128-6219,0.243,0.01302
Pulsar,J1130-5826,0.0160744,0.00056
Pulsar,J1130-5925,0.00822701,0.00224
Pulsar,J1132-5627,0.0408321,0.000686
Pulsar,B1131-62,2.61,0.0357
Pulsar,B1133+16,0.0041472,0.004438
Pulsar,B1133-55,0.02704,0.0021
Pulsar,J1137-6700,0.457705,0.01246
Pulsar,J1138-6207,0.294123,0.00168
Pulsar,J1141-3322,0.0147456,0.000672
Pulsar,J1141-6545,0.033792,0.000616
Pulsar,J1142-6230,0.0303826,0.0042
Pulsar,J1143-5158,0.0342187,0.00112
Pulsar,J1144-6146,0.00206082,0.00462
Pulsar,J1144-6217,0.0157709,0.0014
Pulsar,B1143-60,0.0247118,0.00154
Pulsar,J1148-5725,0.00313345,0.00742
Pulsar,J1148-6415,0.00493589,0.00518
Pulsar,J1152-5800,0.00593051,0.00224
Pulsar,J1152-6012,0.000742577,0.001344
Pulsar,J1154-6250,0.000297052,0.000826
Pulsar,J1156-5707,0.0790704,0.000672
Pulsar,B1154-62,0.467339,0.00182
Pulsar,J1159-6409,0.0170896,0.0294
Pulsar,J1201-6306,0.117,0.00182
Pulsar,B1159-58,0.0492032,0.0014
Pulsar,J1210-5559,0.285017,0.00112
Pulsar,J1210-6550,0.000131648,0.00546
Pulsar,J1211-6324,0.0680805,0.0021
Pulsar,J1214-5830,0.00326605,0.001316
Pulsar,J1216-6223,0.135,0.0021
Pulsar,J1220-6318,0.132519,0.00812
Pulsar,J1222-5738,0.000494384,0.00392
Pulsar,B1221-63,0.020452,0.000854
Pulsar,J1224-6208,0.128535,0.0014
Pulsar,B1222-63,0.23315,0.001134
Pulsar,J1225-5556,0.0116208,0.0028
Pulsar,J1225-6035,0.00996219,0.000546
Pulsar,J1231-6303,0.220342,0.0259
Pulsar,J1232-6501,0.034,0.00154
Pulsar,J1233-6312,0.10496,0.00798
Pulsar,J1233-6344,0.063,0.00168
Pulsar,B1232-55,0.0151321,0.00616
Pulsar,J1235-6354,0.117072,0.0014
Pulsar,J1237-6725,0.0230976,0.00448
Pulsar,B1236-68,0.00852518,0.0028
Pulsar,B1237+25,0.007396,0.007154
Pulsar,B1240-64,1.71925,0.000924
Pulsar,J1243-5735,0.0516096,0.00168
Pulsar,J1244-6531,0.153,0.00294
Pulsar,J1245-6238,0.0299652,0.00868
Pulsar,J1248-6344,0.0690624,0.00168
Pulsar,J1249-6507,0.00724201,0.00154
Pulsar,J1252-6314,0.07986,0.0028
Pulsar,J1253-5820,0.0302526,0.000616
Pulsar,J1254-6150,0.00075264,0.00049
Pulsar,J1255-6131,0.00704205,0.001204
Pulsar,B1254-10,0.00591408,0.00084
Pulsar,B1256-67,0.00968877,0.00196
Pulsar,B1257+12,0.0011858,9.24e-05
Pulsar,J1301-6305,0.115417,0.00392
Pulsar,J1301-6310,0.000466796,0.00154
Pulsar,B1259-63,0.035972,0.00322
Pulsar,J1302-63,0.09,0.00098
Pulsar,J1302-6313,0.141725,0.01302
Pulsar,J1303-6305,0.0667816,0.00532
Pulsar,B1302-64,1.44,0.00266
Pulsar,J1305-6203,0.359206,0.00224
Pulsar,J1305-6256,0.288,0.00266
Pulsar,B1303-66,2.12576,0.00322
Pulsar,J1306-6242,0.0716964,0.00462
Pulsar,J1307-6318,0.292323,0.0707
Pulsar,J1308-5844,0.0168968,0.000826
Pulsar,J1309-6415,0.189,0.00364
Pulsar,J1309-6526,0.0596405,0.0014
Pulsar,B1309-12,0.002645,0.000938
Pulsar,J1312-6400,0.00366307,0.00476
Pulsar,J1314-6101,0.0377856,0.00826
Pulsar,J1316-6232,0.666,0.01666
Pulsar,J1317-6302,0.891,0.00168
Pulsar,B1316-60,0.191724,0.000966
Pulsar,J1319-6105,0.185988,0.00182
Pulsar,B1322+83,0.00053361,0.002744
Pulsar,J1321-5922,0.171,0.00364
Pulsar,J1322-6241,0.146671,0.001218
Pulsar,J1322-6329,0.153,0.00476
Pulsar,J1324-6146,0.657,0.01008
Pulsar,J1324-6302,0.027982,0.00252
Pulsar,B1322-66,0.817348,0.00588
Pulsar,B1323-58,0.869189,0.001064
Pulsar,B1323-63,0.353489,0.00154
Pulsar,B1323-62,0.699074,0.00154
Pulsar,B1323-627,0.1352,0.000938
Pulsar,J1327-6400,0.324,0.00182
Pulsar,B1325-43,0.0104882,0.00154
Pulsar,J1329-6158,0.0144699,0.00434
Pulsar,J1332-3032,0.00022707,0.00476
Pulsar,J1334-5839,0.0093819,0.000574
Pulsar,J1337-6306,0.0291184,0.00168
Pulsar,B1334-61,0.252406,0.01302
Pulsar,J1339-6618,0.0133548,0.00364
Pulsar,B1336-64,0.00409739,0.00196
Pulsar,B1338-62,0.138895,0.00168
Pulsar,J1341-6023,0.0311352,0.001288
Pulsar,J1342+2822A,0.0010816,3.36e-05
Pulsar,J1342+2822B,0.0010816,2.8e-05
Pulsar,J1342+2822C,0.0010816,3.36e-05
Pulsar,J1342+2822D,0.0010816,7e-05
Pulsar,J1344-6059,0.00976769,0.00406
Pulsar,J1345-6115,0.0203296,0.00378
Pulsar,J1347-5947,0.028657,0.00154
Pulsar,J1348-6307,0.0341253,0.01106
Pulsar,J1349-6130,0.019646,0.000868
Pulsar,J1352-6803,0.223055,0.00392
Pulsar,J1354-6249,0.00758026,0.00798
Pulsar,J1355-5747,0.0168921,0.00406
Pulsar,J1355-5925,0.0390857,0.00294
Pulsar,J1355-6206,0.0341294,0.00266
Pulsar,J1356-5521,0.114844,0.00238
Pulsar,B1353-62,0.411809,0.0028
Pulsar,J1357-6429,0.00736036,0.0021
Pulsar,B1356-60,0.265454,0.000546
Pulsar,B1358-63,0.041912,0.0014
Pulsar,J1403-6310,0.0245047,0.00252
Pulsar,J1405-5641,0.045369,0.00182
Pulsar,J1406-5806,0.038046,0.00686
Pulsar,J1406-6121,0.0298772,0.00224
Pulsar,J1407-6048,0.018818,0.00294
Pulsar,J1407-6153,0.0342225,0.00798
Pulsar,J1412-6111,0.0155771,0.00168
Pulsar,J1412-6145,0.0408253,0.00168
Pulsar,B1409-62,0.0121882,0.000574
Pulsar,J1413-6141,0.07381,0.00518
Pulsar,J1413-6222,0.738727,0.00322
Pulsar,J1415-6621,0.147226,0.001246
Pulsar,J1416-6037,0.0229029,0.00182
Pulsar,J1418-3921,0.0355622,0.0035
Pulsar,J1418-5945,0.0156017,0.00896
Pulsar,J1420-5625,0.000393588,0.000182
Pulsar,J1420-6048,0.0532225,0.001302
Pulsar,J1424-5556,0.0236558,0.00308
Pulsar,J1424-5822,0.11422,0.00168
Pulsar,J1424-6438,0.0165735,0.00952
Pulsar,J1425-5723,0.000511584,0.000994
Pulsar,J1425-5759,0.010517,0.001344
Pulsar,J1425-6210,0.0189241,0.00154
Pulsar,B1424-55,0.020452,0.00196
Pulsar,J1429-5935,0.0124063,0.00196
Pulsar,B1426-66,0.02592,0.00252
Pulsar,J1433-6038,0.0218195,0.0049
Pulsar,J1434-6006,0.012615,0.00077
Pulsar,J1434-6029,0.00467718,0.00266
Pulsar,J1435-5954,0.00767376,0.00266
Pulsar,J1435-6100,0.00264063,0.000154
Pulsar,J1437-5959,0.00865581,0.00098
Pulsar,J1437-6146,0.00527906,0.00238
Pulsar,B1436-63,0.0126679,0.001358
Pulsar,J1441-6137,0.00295704,0.00252
Pulsar,J1444-5941,0.00805745,0.00658
Pulsar,J1449-5846,0.00629093,0.0021
Pulsar,J1452-5851,0.0076343,0.00154
Pulsar,J1452-6036,0.124759,0.000588
Pulsar,B1449-64,0.0473984,0.000616
Pulsar,J1454-5846,0.00264538,0.000406
Pulsar,J1455-3330,0.00065712,0.000112
Pulsar,B1451-68,0.0162,0.00175
Pulsar,J1457-5900,0.004335,0.00868
Pulsar,J1457-5902,0.0333759,0.001176
Pulsar,J1501-5637,0.00956813,0.0035
Pulsar,J1502-5653,0.00793264,0.001008
Pulsar,J1502-5828,0.0745421,0.00308
Pulsar,J1502-6128,0.0347729,0.00406
Pulsar,J1504-5621,0.00370678,0.00154
Pulsar,B1508+55,0.0464648,0.001526
Pulsar,J1509-5850,0.00217741,0.000658
Pulsar,J1509-6015,0.0315821,0.00182
Pulsar,J1511-5414,0.0037632,0.000826
Pulsar,J1511-5835,0.025205,0.00224
Pulsar,B1508-57,0.96774,0.001092
Pulsar,J1512-5431,0.016603,0.0154
Pulsar,B1509-58,0.0317307,0.00224
Pulsar,J1513-5739,0.0745557,0.00294
Pulsar,J1514-5925,0.0054675,0.000672
Pulsar,J1515-5720,0.0213005,0.00434
Pulsar,B1516+02A,0.00768,5.18e-05
Pulsar,B1516+02B,0.00192,0.000224
Pulsar,J1518+0204C,0.00256,2.1e-05
Pulsar,J1518+0204D,0.00064,7.56e-05
Pulsar,J1518+0204E,0.00064,3.5e-05
Pulsar,J1518+4904,0.00196,0.0001988
Pulsar,J1518-5415,0.00145181,0.00056
Pulsar,J1519-5734,0.0773424,0.00588
Pulsar,J1519-6106,0.0131207,0.0035
Pulsar,J1519-6308,0.135927,0.00308
Pulsar,B1518-58,0.0859179,0.00196
Pulsar,J1522-5525,0.000893025,0.0014
Pulsar,J1524-5625,0.0122388,0.00168
Pulsar,J1524-5706,0.191113,0.00308
Pulsar,J1524-5819,0.0106341,0.00182
Pulsar,J1525-5417,0.00650162,0.0021
Pulsar,J1525-5605,0.0114582,0.0035
Pulsar,J1526-5633,0.0045621,0.00182
Pulsar,B1523-55,0.0419873,0.00238
Pulsar,J1528-3146,0.00107811,8.26e-05
Pulsar,J1529-5355,0.0222231,0.00784
Pulsar,J1529-5611,0.00198981,0.00588
Pulsar,J1530-5327,0.00125764,0.00196
Pulsar,J1531-5610,0.005766,0.000812
Pulsar,B1530+27,0.00076832,0.003598
Pulsar,J1532-5308,0.00495063,0.00364
Pulsar,B1530-53,0.00868292,0.00238
Pulsar,B1530-539,0.0217771,0.000854
Pulsar,J1535-5450,0.00364427,0.001316
Pulsar,J1535-5848,0.00342891,0.000812
Pulsar,J1536-5433,0.0179899,0.00504
Pulsar,J1536-5907,0.032157,0.00182
Pulsar,B1534+12,0.000726,4.34e-05
Pulsar,J1537-4912,0.00102684,0.00308
Pulsar,J1537-5153,0.000484183,0.00322
Pulsar,J1537-5645,0.604668,0.00938
Pulsar,J1538-5438,0.0031104,0.00154
Pulsar,J1538-5519,0.0395178,0.01204
Pulsar,J1538-5551,0.0263682,0.00154
Pulsar,J1538-5638,0.0468842,0.00644
Pulsar,J1538-5750,0.000348486,0.000658
Pulsar,B1535-56,0.0739685,0.001232
Pulsar,J1539-5521,0.00654998,0.00322
Pulsar,J1540-5736,0.0160197,0.00196
Pulsar,J1541-5535,0.0122434,0.00196
Pulsar,J1542-5034,0.00418968,0.001022
Pulsar,J1542-5133,0.0102121,0.0049
Pulsar,J1542-5303,0.0126841,0.00756
Pulsar,B1540-06,0.002645,0.001134
Pulsar,B1541+09,0.0357044,0.006468
Pulsar,J1543-5013,0.00776859,0.0021
Pulsar,J1543-5459,0.0247643,0.0021
Pulsar,B1541-52,0.00599076,0.000644
Pulsar,J1546-5302,0.0119072,0.001232
Pulsar,J1547-5750,0.00351626,0.00546
Pulsar,J1547-5839,0.0211954,0.00182
Pulsar,J1548-4821,0.00721018,0.00168
Pulsar,J1548-4927,0.0104411,0.00168
Pulsar,J1548-5607,0.0483025,0.00105
Pulsar,J1549-4848,0.00111465,0.000854
Pulsar,J1549-5722,0.00085849,0.00182
Pulsar,J1550-5242,0.0142364,0.00154
Pulsar,J1550-5317,0.028561,0.0119
Pulsar,J1551-5310,0.0320166,0.00868
Pulsar,B1550-54,0.015364,0.00308
Pulsar,J1554-5512,0.00712828,0.00882
Pulsar,B1552-23,0.0191269,0.001512
Pulsar,B1552-31,0.052094,0.00378
Pulsar,J1556-5358,0.025674,0.00406
Pulsar,J1557-4258,0.289175,0.00126
Pulsar,J1558-5419,0.0330512,0.00308
Pulsar,J1558-5756,0.00251742,0.00133
Pulsar,B1555-55,0.0182892,0.00126
Pulsar,B1556-44,0.2704,0.00084
Pulsar,B1556-57,0.0399218,0.00154
Pulsar,B1557-50,0.544605,0.000756
Pulsar,J1600-3053,0.0228125,1.106e-05
Pulsar,J1600-5916,0.0159398,0.0182
Pulsar,J1601-5244,0.00343455,0.00868
Pulsar,J1601-5335,0.00359075,0.001036
Pulsar,B1558-50,0.0827418,0.001106
Pulsar,J1602-4957,0.00793031,0.00406
Pulsar,B1600-27,0.0113159,0.0028
Pulsar,J1603-5657,0.0384729,0.000658
Pulsar,J1603-7202,0.0080688,0.0001876
Pulsar,B1600-49,0.0708845,0.000616
Pulsar,J1604-4718,0.000481888,0.00154
Pulsar,B1601-52,0.0199888,0.00826
Pulsar,J1605-5215,0.0109656,0.00364
Pulsar,B1604-00,0.0017405,0.00175
Pulsar,J1607-5140,0.0127764,0.0028
Pulsar,J1609-4616,0.00611044,0.000784
Pulsar,J1609-5158,0.0437543,0.014
Pulsar,J1610-5006,0.069485,0.00588
Pulsar,J1610-5303,0.0331056,0.00616
Pulsar,B1607-52,0.0133867,0.000308
Pulsar,J1611-4811,0.00234145,0.00462
Pulsar,J1611-4949,0.0451196,0.00252
Pulsar,J1611-5847,0.000644204,0.000392
Pulsar,J1612-5136,0.0661025,0.0175
Pulsar,B1609-47,0.022815,0.001358
Pulsar,J1613-5211,0.0109329,0.00196
Pulsar,J1613-5234,0.027665,0.00434
Pulsar,B1610-50,0.125802,0.00154
Pulsar,B1612+07,0.00136806,0.001666
Pulsar,J1614-5144,0.014623,0.00952
Pulsar,J1614-5402,0.0121104,0.00196
Pulsar,B1611-55,0.00560776,0.00224
Pulsar,J1615-5444,0.0416304,0.00091
Pulsar,J1616-5109,0.431833,0.0308
Pulsar,J1616-5208,0.0239643,0.00602
Pulsar,J1617-4216,0.0110428,0.00532
Pulsar,J1617-4608,0.0171094,0.001078
Pulsar,J1618-4723,0.0116964,0.00154
Pulsar,J1620-5414,0.000371293,0.00364
Pulsar,J1621-5039,0.00857318,0.0028
Pulsar,J1621-5243,0.0162588,0.00238
Pulsar,J1622-4332,0.0366879,0.00448
Pulsar,J1622-4347,0.00509443,0.001372
Pulsar,J1622-4802,0.03312,0.00238
Pulsar,J1622-4944,0.0380133,0.00476
Pulsar,B1620-09,0.00893976,0.002058
Pulsar,B1620-26,0.007744,7.98e-05
Pulsar,B1620-42,0.620649,0.00182
Pulsar,J1623-4949,0.00508954,0.00154
Pulsar,J1624-4411,0.0063948,0.001134
Pulsar,J1624-4613,0.0101042,0.0238
Pulsar,J1624-4721,0.00559982,0.00252
Pulsar,J1625-4904,0.0126087,0.00182
Pulsar,J1626-4537,0.0321949,0.00168
Pulsar,J1626-4807,0.0388731,0.00798
Pulsar,J1627-4706,0.00535824,0.001288
Pulsar,J1627-4845,0.0225886,0.00504
Pulsar,J1627-5547,0.0208231,0.00196
Pulsar,J1628-4804,0.125664,0.00602
Pulsar,J1628-4828,0.0592192,0.0336
Pulsar,B1626-47,0.170564,0.01064
Pulsar,J1630-4719,0.0206494,0.0014
Pulsar,J1631-4155,0.011768,0.00196
Pulsar,J1632-4509,0.0146842,0.00252
Pulsar,J1632-4621,0.0701874,0.00252
Pulsar,J1632-4757,0.0149107,0.00294
Pulsar,J1632-4818,0.0284433,0.00602
Pulsar,B1629-50,0.280898,0.001218
Pulsar,B1630-44,0.2736,0.0014
Pulsar,J1633-4805,0.0325703,0.00672
Pulsar,J1634-5107,0.0302715,0.00196
Pulsar,B1633+24,0.00206116,0.002436
Pulsar,J1635-4513,0.0121104,0.0105
Pulsar,J1635-4944,0.031329,0.0056
Pulsar,J1636-4440,0.0330786,0.0014
Pulsar,J1636-4803,0.046905,0.00616
Pulsar,J1636-4933,0.0560455,0.00238
Pulsar,B1634-45,0.0161358,0.000518
Pulsar,J1637-4335,0.162,0.0056
Pulsar,J1637-4450,0.027225,0.00196
Pulsar,J1637-4642,0.0259685,0.00238
Pulsar,J1637-4721,0.0148191,0.00294
Pulsar,J1637-4816,0.0741481,0.00938
Pulsar,J1638-3815,0.127316,0.00798
Pulsar,J1638-4344,0.00440438,0.00476
Pulsar,J1638-4417,0.01503,0.000784
Pulsar,J1638-4608,0.0112934,0.001078
Pulsar,J1638-4725,0.0147533,0.00756
Pulsar,J1638-5226,0.0142886,0.00182
Pulsar,B1635-45,0.0167931,0.001218
Pulsar,J1639-4359,0.0251647,0.00336
Pulsar,B1636-47,0.063075,0.00322
Pulsar,J1640+2224,0.0028322,3.08e-05
Pulsar,J1640-4648,0.0096746,0.0021
Pulsar,J1640-4951,0.0170453,0.00182
Pulsar,B1639+36A,0.007875,1.54e-05
Pulsar,B1639+36B,0.001125,6.44e-05
Pulsar,J1641+3627C,0.0016875,2.8e-05
Pulsar,J1641+3627D,0.001125,2.8e-05
Pulsar,J1641+3627E,0.0005625,2.1e-05
Pulsar,J1643-1224,0.113374,5.74e-05
Pulsar,J1643-4505,0.0110428,0.00126
Pulsar,J1643-4522,0.00421477,0.00294
Pulsar,J1643-4550,0.0117553,0.0021
Pulsar,B1641-45,8.7079,0.001148
Pulsar,B1642-03,0.17783,0.000588
Pulsar,B1641-68,0.00648,0.01232
Pulsar,B1643-43,0.0461184,0.00182
Pulsar,J1646-4308,0.0396401,0.0259
Pulsar,J1646-5123,0.0201236,0.0021
Pulsar,J1648-3256,0.02809,0.0021
Pulsar,J1648-4458,0.0537967,0.00588
Pulsar,J1648-4611,0.0189104,0.00168
Pulsar,J1649-3805,0.0429025,0.00112
Pulsar,J1649-4349,0.0231852,0.00364
Pulsar,J1649-4653,0.00982604,0.00252
Pulsar,J1649-4729,0.0467005,0.00252
Pulsar,J1650-1654,0.007396,0.0063
Pulsar,J1650-4126,0.00742504,0.001064
Pulsar,J1650-4341,0.0171007,0.0028
Pulsar,J1650-4502,0.00906783,0.001022
Pulsar,J1650-4921,0.0054569,0.000532
Pulsar,B1647-52,0.118413,0.00238
Pulsar,B1648-17,0.00078732,0.003836
Pulsar,B1648-42,0.831746,0.0154
Pulsar,J1651-4519,0.0286978,0.00728
Pulsar,B1649-23,0.010571,0.004914
Pulsar,B1650-38,0.0340787,0.000602
Pulsar,J1653-4030,0.0430148,0.0175
Pulsar,J1653-4249,0.0413525,0.00196
Pulsar,J1653-4315,0.013948,0.0147
Pulsar,J1653-4854,0.0340808,0.0105
Pulsar,J1654-2713,0.00166464,0.00238
Pulsar,J1654-3710,0.0340458,0.00252
Pulsar,J1654-4140,0.018831,0.00266
Pulsar,J1654-4245,0.019626,0.00434
Pulsar,J1656-3621,0.0174181,0.0028
Pulsar,J1657-4432,0.0118318,0.00182
Pulsar,J1658-4306,0.0735745,0.01358
Pulsar,J1658-4958,0.0326919,0.00182
Pulsar,J1659-4316,0.0132058,0.00154
Pulsar,J1659-4439,0.0353944,0.00252
Pulsar,J1700-3312,0.0381715,0.0042
Pulsar,J1700-3611,0.0202419,0.00308
Pulsar,J1700-3919,0.00977739,0.00196
Pulsar,J1700-4012,0.00429813,0.00224
Pulsar,J1700-4939,0.0358906,0.00182
Pulsar,B1657-45,0.75603,0.00294
Pulsar,B1658-37,0.176889,0.00602
Pulsar,J1702-3932,0.0281688,0.00196
Pulsar,J1702-4128,0.0295156,0.0021
Pulsar,J1702-4217,0.02805,0.00574
Pulsar,J1702-4306,0.0136875,0.00112
Pulsar,J1702-4310,0.0213074,0.00224
Pulsar,J1702-4428,0.0188869,0.01036
Pulsar,B1700-18,0.00294175,0.001596
Pulsar,B1700-32,0.0832664,0.00546
Pulsar,J1703-4442,0.00598828,0.00168
Pulsar,J1703-4851,0.022275,0.00182
Pulsar,B1702-19,0.0111392,0.001022
Pulsar,J1705-3423,0.0576562,0.00168
Pulsar,J1705-3936,0.0236186,0.00308
Pulsar,J1705-3950,0.0223494,0.001148
Pulsar,J1705-4108,0.183166,0.00616
Pulsar,J1706-3839,0.029768,0.00364
Pulsar,J1706-4310,0.0505022,0.00224
Pulsar,B1703-40,0.188744,0.00462
Pulsar,J1707-4341,0.0293664,0.00168
Pulsar,J1707-4729,0.215098,0.000882
Pulsar,J1708-3426,0.0342726,0.00322
Pulsar,J1708-3827,0.129361,0.0056
Pulsar,J1708-4522,0.14792,0.00238
Pulsar,B1706-16,0.0064516,0.001512
Pulsar,B1706-44,0.0241805,0.00084
Pulsar,J1709+2313,0.00066978,4.76e-05
Pulsar,J1709-3626,0.0466673,0.00238
Pulsar,J1709-3841,0.00828596,0.00266
Pulsar,J1709-4342,0.00421961,0.007
Pulsar,J1710-4148,0.0147591,0.00168
Pulsar,B1709-15,0.00605052,0.001708
Pulsar,J1711-3826,0.0043264,0.00336
Pulsar,J1711-4322,0.00454282,0.00098
Pulsar,J1713+0747,0.0100352,1.96e-05
Pulsar,J1713-3844,0.010985,0.00238
Pulsar,J1713-3949,0.00871504,0.00168
Pulsar,J1715-3247,0.00131869,0.0084
Pulsar,J1715-3700,0.0136776,0.0154
Pulsar,J1715-3859,0.059762,0.00868
Pulsar,J1715-3903,0.0105984,0.00119
Pulsar,J1715-4034,0.034151,0.01162
Pulsar,J1715-4254,0.00833197,0.00364
Pulsar,J1716-3720,0.0366916,0.00196
Pulsar,J1716-4111,0.0050477,0.00168
Pulsar,B1713-40,1.59218,0.0021
Pulsar,B1714-34,1.62784,0.00196
Pulsar,J1717-3737,0.0274731,0.00308
Pulsar,J1717-3847,0.0271891,0.04018
Pulsar,J1717-3953,0.060266,0.042
Pulsar,J1717-4043,0.0440321,0.00574
Pulsar,J1717-40433,0.0533771,0.00532
Pulsar,J1718-3714,0.0256967,0.01344
Pulsar,J1718-3718,0.00425153,0.0182
Pulsar,J1718-3825,0.0233709,0.000546
Pulsar,J1718-4539,0.0105616,0.00154
Pulsar,B1715-40,0.0433822,0.000938
Pulsar,J1719-4302,0.0328325,0.000798
Pulsar,B1717-16,0.00340736,0.002268
Pulsar,B1717-29,0.00429429,0.00238
Pulsar,B1718-02,0.0292681,0.00826
Pulsar,J1720-3659,0.019323,0.00105
Pulsar,B1718-19,0.022188,0.002884
Pulsar,B1718-35,0.444946,0.00364
Pulsar,B1718-32,0.0343822,0.0014
Pulsar,B1718-36,0.044944,0.00308
Pulsar,B1719-37,0.0201603,0.00056
Pulsar,J1722-4400,0.0117238,0.000518
Pulsar,J1723-3659,0.0274776,0.001092
Pulsar,J1724-3149,0.0403733,0.00448
Pulsar,J1724-3505,0.0346176,0.00336
Pulsar,J1724-4500,0.00202248,0.00392
Pulsar,J1725-2852,0.00378303,0.00532
Pulsar,J1725-3546,0.0634644,0.00462
Pulsar,J1725-3848,0.00282241,0.00448
Pulsar,J1725-4043,0.0078336,0.007
Pulsar,J1726-3530,0.0298203,0.0077
Pulsar,J1726-3635,0.0157092,0.001092
Pulsar,J1726-4006,0.00873653,0.0028
Pulsar,J1727-2739,0.0205062,0.0126
Pulsar,J1728-3733,0.00463668,0.001134
Pulsar,J1728-4028,0.019309,0.014
Pulsar,B1727-33,0.0578,0.001204
Pulsar,J1730-2304,0.0010404,0.0001498
Pulsar,J1730-2900,0.0067392,0.00322
Pulsar,J1730-3353,0.00800588,0.00756
Pulsar,B1727-47,0.297605,0.0028
Pulsar,J1731-3123,0.00805414,0.00266
Pulsar,B1729-41,0.0221539,0.00224
Pulsar,J1732-1930,0.00146523,0.00224
Pulsar,J1732-3426,0.00992278,0.00196
Pulsar,J1732-3729,0.0119164,0.0056
Pulsar,J1732-4156,0.0169594,0.00294
Pulsar,B1730-22,0.00510623,0.0084
Pulsar,B1730-37,0.0404685,0.000868
Pulsar,J1733-2533,0.00605284,0.00504
Pulsar,J1733-2837,0.00152009,0.00168
Pulsar,J1733-3030,0.0357514,0.00224
Pulsar,J1733-3322,0.031752,0.004802
Pulsar,J1733-4005,0.125754,0.00196
Pulsar,J1734-3333,0.02738,0.022974
Pulsar,B1732-07,0.0317261,0.001036
Pulsar,J1735-3258,0.0570858,0.02625
Pulsar,J1736-2457,0.00921653,0.0084
Pulsar,J1736-2819,0.00395214,0.00294
Pulsar,J1736-2843,0.0234197,0.0203
Pulsar,J1736-3511,0.00133171,0.0021
Pulsar,B1734-35,0.00374625,0.000966
Pulsar,J1737-3102,0.0118282,0.0021
Pulsar,J1737-3137,0.0276595,0.002296
Pulsar,J1737-3320,0.072576,0.00588
Pulsar,B1735-32,0.00613312,0.00168
Pulsar,J1738-2647,0.00595866,0.00168
Pulsar,J1738-2955,0.00443355,0.003276
Pulsar,J1738-3107,0.0291585,0.00476
Pulsar,J1738-3316,0.0111871,0.01274
Pulsar,B1736-29,0.0203522,0.000938
Pulsar,B1736-31,0.289014,0.00308
Pulsar,J1739-3023,0.0116281,0.000854
Pulsar,J1739-3049,0.0242904,0.002632
Pulsar,J1739-3159,0.0235225,0.00749
Pulsar,J1739-3951,0.000155952,0.001316
Pulsar,B1737+13,0.0887363,0.004578
Pulsar,B1737-30,0.0688538,0.000728
Pulsar,J1740-2540,0.0132787,0.0042
Pulsar,J1740-3052,0.0827098,0.001246
Pulsar,J1740-3327,0.00668352,0.00154
Pulsar,B1737-39,0.106044,0.001302
Pulsar,B1738-08,0.01715,0.010864
Pulsar,J1741+1354,0.00184893,2.24e-05
Pulsar,J1741-2719,0.00658952,0.00196
Pulsar,J1741-2733,0.0121978,0.005908
Pulsar,J1741-2945,0.0130294,0.001498
Pulsar,J1741-3016,0.0579609,0.005572
Pulsar,J1742-3957,0.00526077,0.00924
Pulsar,B1740-03,0.00126405,0.00091
Pulsar,B1740-13,0.0117612,0.002044
Pulsar,B1740-31,0.0253127,0.0063
Pulsar,J1743-2442,0.00382941,0.0105
Pulsar,J1743-3153,0.0322404,0.001582
Pulsar,J1744-1134,0.0006912,2.184e-05
Pulsar,J1744-2335,0.0012005,0.00364
Pulsar,J1744-3130,0.00927472,0.00224
Pulsar,J1744-3922,0.0023276,0.000476
Pulsar,B1742-30,0.0562432,0.001092
Pulsar,J1745-2229,0.00999868,0.00196
Pulsar,J1746-2849,0.36,0.00434
Pulsar,J1746-2850,0.132304,0.0063
Pulsar,J1747-2647,0.1097,0.00924
Pulsar,J1747-2802,0.0693842,0.003822
Pulsar,J1747-2958,0.00155003,0.00098
Pulsar,B1744-24A,0.0461709,0.000112
Pulsar,B1745-12,0.0264992,0.001722
Pulsar,B1745-20A,0.0261072,0.01218
Pulsar,J1748-2444,0.00514491,0.000728
Pulsar,B1746-30,0.303039,0.0063
Pulsar,J1749-2347,0.00502949,0.001274
Pulsar,J1749-2629,0.0195149,0.006496
Pulsar,B1747-31,0.0235499,0.0014
Pulsar,J1750-2043,0.00639014,0.0504
Pulsar,J1750-2438,0.0255613,0.001344
Pulsar,J1750-2444,0.00705027,0.00448
Pulsar,J1750-3503,0.0203069,0.00938
Pulsar,B1747-46,0.010609,0.00238
Pulsar,J1751-2516,0.0122434,0.003822
Pulsar,J1751-3323,0.111713,0.001176
Pulsar,B1749-28,0.0421362,0.001274
Pulsar,J1752-2410,0.0257372,0.000994
Pulsar,J1752-2821,0.0185806,0.00161
Pulsar,B1750-24,0.238355,0.00798
Pulsar,J1753-1914,0.000940693,0.00154
Pulsar,J1753-2240,0.00179574,0.00042
Pulsar,B1753+52,0.0202778,0.001596
Pulsar,J1754-3443,0.0146612,0.00168
Pulsar,J1754-3510,0.00246473,0.000574
Pulsar,J1755-1650,0.00238139,0.00168
Pulsar,J1755-2025,0.0134369,0.00084
Pulsar,J1755-25211,0.0228358,0.0028
Pulsar,J1755-2521,0.0118821,0.001876
Pulsar,J1755-2534,0.0085697,0.0021
Pulsar,J1755-2725,0.00400445,0.003332
Pulsar,B1753-24,0.0492032,0.0035
Pulsar,J1756-2225,0.0063504,0.00266
Pulsar,J1756-2251,0.00511584,0.0001092
Pulsar,J1756-2619,0.00599076,0.00252
Pulsar,B1754-24,0.0480484,0.0021
Pulsar,J1757-2223,0.0185813,0.000322
Pulsar,J1758-1931,0.00620221,0.00294
Pulsar,J1758-2206,0.0530968,0.002324
Pulsar,J1758-2540,0.00963463,0.0168
Pulsar,J1758-2630,0.010209,0.002184
Pulsar,J1758-2846,0.00046208,0.000616
Pulsar,B1756-22,0.0162911,0.000546
Pulsar,J1759-1736,0.00279947,0.00266
Pulsar,J1759-1903,0.0294198,0.00476
Pulsar,J1759-1940,0.0247118,0.002744
Pulsar,J1759-1956,0.00808258,0.005306
Pulsar,J1759-2302,0.183475,0.00861
Pulsar,J1759-2307,0.087808,0.003136
Pulsar,J1759-2549,0.0211702,0.002184
Pulsar,J1759-2922,0.00206438,0.0014
Pulsar,J1759-3107,0.0100909,0.00224
Pulsar,J1800-2114,0.0314573,0.0126
Pulsar,B1757-24,0.0180643,0.001344
Pulsar,B1758-03,0.0355858,0.001596
Pulsar,B1758-23,0.400356,0.01232
Pulsar,B1758-29,0.0192472,0.00728
Pulsar,J1801-1417,0.0005508,5.88e-05
Pulsar,J1801-1855,0.0666686,0.005866
Pulsar,J1801-1909,0.011568,0.0056
Pulsar,J1801-2115,0.0288855,0.00658
Pulsar,J1801-2154,0.00477405,0.001344
Pulsar,J1801-3458,0.00174244,0.00672
Pulsar,J1802-1745,0.00572216,0.001232
Pulsar,J1802-2124,0.00853845,5.18e-05
Pulsar,J1802-2426,0.0882821,0.003108
Pulsar,B1800-21,0.117979,0.00196
Pulsar,B1800-27,0.0131044,0.00252
Pulsar,J1803-1616,0.0278784,0.00266
Pulsar,J1803-1857,0.0138298,0.003584
Pulsar,J1803-1920,0.0114426,0.00168
Pulsar,B1802-07,0.07056,0.000518
Pulsar,J1804-2228,0.00568178,0.003822
Pulsar,J1804-2717,0.00054756,0.000217
Pulsar,J1805-1504,0.0613325,0.0329
Pulsar,J1805-2032,0.0986278,0.003682
Pulsar,J1805-2037,0.0291542,0.001848
Pulsar,J1805-2447,0.00619491,0.00154
Pulsar,B1804-12,0.0329514,0.00448
Pulsar,J1806-1618,0.00949628,0.00476
Pulsar,J1806-1920,0.196129,0.056
Pulsar,J1806-2125,0.11044,0.003696
Pulsar,B1804-08,0.1944,0.001246
Pulsar,B1804-27,0.0843906,0.00196
Pulsar,J1807-2459A,0.008019,4.62e-05
Pulsar,B1805-20,0.140459,0.01064
Pulsar,J1808-0813,0.0482983,0.00336
Pulsar,J1808-1020,0.0166566,0.001092
Pulsar,J1808-1726,0.0286435,0.00924
Pulsar,B1806-21,0.0227136,0.00182
Pulsar,J1809-0743,0.0920902,0.00168
Pulsar,J1809-1429,0.0865441,0.00154
Pulsar,J1809-1850,0.0102818,0.0077
Pulsar,J1809-1917,0.0344103,0.00252
Pulsar,J1809-1943,0.0573521,0.021
Pulsar,J1809-2004,0.107125,0.006482
Pulsar,J1810-1441,0.0073349,0.00196
Pulsar,J1810-1820,0.0218737,0.001904
Pulsar,J1810-2005,0.0326432,0.001008
Pulsar,J1811-1736,0.0458687,0.003276
Pulsar,J1811-1835,0.036796,0.002338
Pulsar,J1811-2439,0.00383386,0.00238
Pulsar,B1809-173,0.01764,0.00266
Pulsar,B1809-176,0.13181,0.00882
Pulsar,B1810+02,0.0113837,0.001848
Pulsar,J1812-1910,0.0291963,0.00392
Pulsar,J1812-2102,0.129562,0.005516
Pulsar,B1811+40,0.0205286,0.001708
Pulsar,J1813-2113,0.0459375,0.001834
Pulsar,J1813-2242,0.0114065,0.00294
Pulsar,J1814-0618,0.0119021,0.00574
Pulsar,J1814-1649,0.101799,0.00392
Pulsar,J1814-1744,0.0666803,0.01288
Pulsar,J1815-1738,0.0205209,0.00406
Pulsar,J1815-1910,0.0189236,0.003556
Pulsar,B1813-17,0.0503885,0.00238
Pulsar,B1813-26,0.0143353,0.0056
Pulsar,J1816-0755,0.0017517,0.000868
Pulsar,J1816-1446,0.0184236,0.0035
Pulsar,B1813-36,0.0285768,0.00126
Pulsar,J1817-0743,0.000148225,0.0028
Pulsar,J1817-1511,0.0576615,0.00294
Pulsar,B1815-14,0.465831,0.00266
Pulsar,J1818-1116,0.0513085,0.0035
Pulsar,J1818-1519,0.209161,0.018256
Pulsar,J1818-1541,0.0678976,0.003808
Pulsar,J1818-1556,0.00807696,0.00364
Pulsar,J1819-0925,0.0914493,0.0028
Pulsar,J1819-1008,0.0399218,0.001386
Pulsar,J1819-1131,0.023475,0.00896
Pulsar,J1819-1318,0.000350464,0.00322
Pulsar,J1819-1408,0.0775012,0.016352
Pulsar,J1819-1510,0.0188833,0.000966
Pulsar,B1817-13,0.185474,0.00462
Pulsar,B1817-18,0.0781714,0.00224
Pulsar,B1818-04,0.0366153,0.00154
Pulsar,J1820-0509,0.00200223,0.00126
Pulsar,J1820-1529,0.0547053,0.00392
Pulsar,J1821-0256,0.00124518,0.0014
Pulsar,J1821-1419,0.0281319,0.01386
Pulsar,J1821-1432,0.0106266,0.00518
Pulsar,B1819-22,0.0282358,0.00644
Pulsar,B1820-14,0.0482983,0.001274
Pulsar,J1822-0848,0.0007056,0.00434
Pulsar,J1822-0907,0.0198764,0.00392
Pulsar,J1822-1252,0.028569,0.0147
Pulsar,J1822-1617,0.0277066,0.0161
Pulsar,J1822-4209,0.018375,0.00238
Pulsar,B1820-11,0.126203,0.00364
Pulsar,B1820-30B,0.0043687,0.00084
Pulsar,B1820-31,0.006889,0.000882
Pulsar,B1821+05,0.0154022,0.001428
Pulsar,J1823-0154,0.016219,0.001134
Pulsar,J1823-1126,0.0390469,0.00322
Pulsar,J1823-1347,0.0508808,0.004844
Pulsar,J1823-1526,0.0411765,0.00574
Pulsar,J1823-1807,0.0171949,0.004844
Pulsar,B1821-11,0.0838252,0.00322
Pulsar,B1821-19,0.132496,0.000406
Pulsar,B1821-24,0.0043218,2.1e-05
Pulsar,J1824-0127,0.0028297,0.0028
Pulsar,J1824-1159,0.0259617,0.001512
Pulsar,J1824-1423,0.029282,0.001386
Pulsar,J1824-1500,0.0112896,0.00252
Pulsar,J1824-2233,0.0038993,0.00182
Pulsar,J1824-2328,0.0098568,0.00252
Pulsar,B1822+00,0.00204304,0.001442
Pulsar,B1822-09,0.012,0.00168
Pulsar,B1822-14,0.0772265,0.00168
Pulsar,B1823-11,0.0165635,0.0224
Pulsar,B1823-13,0.0356462,0.000812
Pulsar,J1826-1526,0.0543522,0.001876
Pulsar,B1824-10,0.0680805,0.00308
Pulsar,J1827-0750,0.0812902,0.0014
Pulsar,J1827-0934,0.00579446,0.00273
Pulsar,J1828-0611,0.0927169,0.0014
Pulsar,J1828-1007,0.00465866,0.001218
Pulsar,J1828-1057,0.0042527,0.0021
Pulsar,J1828-1101,0.152852,0.001386
Pulsar,J1828-1336,0.0165984,0.004844
Pulsar,J1828-2119,0.0601374,0.00392
Pulsar,B1826-17,0.232079,0.0021
Pulsar,J1829-0734,0.0133661,0.000994
Pulsar,B1828-11,0.017943,0.000448
Pulsar,J1830-0052,0.0021025,0.001302
Pulsar,J1830-1135,0.0209106,0.008708
Pulsar,J1830-1313,0.0282299,0.00532
Pulsar,J1830-1414,0.00611524,0.00154
Pulsar,J1831-0823,0.0192084,0.00196
Pulsar,J1831-0952,0.00615859,0.00112
Pulsar,J1831-1223,0.0364321,0.01372
Pulsar,J1831-1329,0.0209952,0.006594
Pulsar,J1831-1423,0.0127445,0.00322
Pulsar,B1829-08,0.0473813,0.000994
Pulsar,B1829-10,0.0537484,0.001176
Pulsar,J1832+0029,0.00029435,0.000994
Pulsar,J1832-0644,0.0543313,0.003822
Pulsar,B1830-08,0.115736,0.000686
Pulsar,B1831-03,0.0719737,0.00105
Pulsar,J1833-0556,0.009522,0.00966
Pulsar,J1833-0559,0.0203933,0.005796
Pulsar,J1833-1034,0.0012943,0.00035
Pulsar,J1833-1055,0.0356168,0.003388
Pulsar,B1831-00,0.00202118,0.004228
Pulsar,B1831-04,0.02645,0.01176
Pulsar,J1834-0602,0.034848,0.002352
Pulsar,J1834-0633,0.0258048,0.014224
Pulsar,J1834-0731,0.0235225,0.0042
Pulsar,J1834-0742,0.016375,0.00252
Pulsar,J1834-1202,0.0291218,0.00882
Pulsar,J1834-1710,0.0124609,0.00196
Pulsar,J1834-1855,0.0186302,0.00644
Pulsar,B1832-06,0.0539157,0.00448
Pulsar,J1835-0349,0.00444366,0.0021
Pulsar,J1835-0522,0.0119232,0.00322
Pulsar,J1835-0924,0.0219122,0.005824
Pulsar,J1835-0944,0.00894165,0.001022
Pulsar,J1835-0946,0.00293789,0.00056
Pulsar,J1835-1020,0.0125493,0.000798
Pulsar,J1835-1106,0.0208701,0.000658
Pulsar,J1835-1548,0.0329098,0.00238
Pulsar,B1834-04,0.0384199,0.001274
Pulsar,B1834-10,0.107493,0.001218
Pulsar,J1836-0517,0.00976874,0.00182
Pulsar,J1836-1324,0.00153664,0.000336
Pulsar,B1834-06,0.0607622,0.0147
Pulsar,J1837-0045,0.00396652,0.001344
Pulsar,J1837+0053,0.00372507,0.00742
Pulsar,J1837-0559,0.01255,0.001498
Pulsar,J1837-0604,0.0268213,0.00182
Pulsar,J1837-1243,0.00958802,0.003416
Pulsar,J1837-1837,0.00332698,0.00126
Pulsar,J1838-0453,0.0226243,0.001778
Pulsar,J1838-0549,0.00629752,0.00098
Pulsar,J1838-0624,0.00555074,0.00504
Pulsar,J1838-1046,0.00946125,0.002324
Pulsar,J1839-0321,0.0125583,0.000756
Pulsar,J1839-0402,0.00461918,0.00098
Pulsar,J1839-0436,0.00575,0.000896
Pulsar,J1839-0459,0.00632043,0.001638
Pulsar,J1839-0627,0.00157438,0.003248
Pulsar,J1839-0643,0.0600635,0.002674
Pulsar,J1839-0905,0.0060516,0.00238
Pulsar,J1839-1238,0.00640307,0.00364
Pulsar,B1839+56,0.01156,0.003794
Pulsar,J1840+0214,0.00207155,0.0014
Pulsar,J1840-0559,0.00790578,0.00224
Pulsar,J1840-0626,0.0129312,0.00518
Pulsar,J1840-0809,0.077639,0.0014
Pulsar,J1840-0815,0.0274749,0.00308
Pulsar,J1840-0840,0.0181476,0.0252
Pulsar,J1840-1122,0.00876253,0.00154
Pulsar,J1840-1207,0.0207425,0.0021
Pulsar,B1838-04,0.0694951,0.000742
Pulsar,B1839+09,0.0105402,0.001106
Pulsar,J1841-0157,0.0419904,0.00294
Pulsar,J1841-0310,0.00324338,0.00826
Pulsar,J1841-0345,0.0241115,0.00133
Pulsar,J1841-0524,0.00472392,0.00182
Pulsar,J1841-1404,0.0283956,0.00252
Pulsar,B1839-04,0.075779,0.0399
Pulsar,J1842-0153,0.0252721,0.002996
Pulsar,J1842+0257,0.00428574,0.00728
Pulsar,J1842-0309,0.0312481,0.00602
Pulsar,J1842+0358,0.000927369,0.000546
Pulsar,J1842-0415,0.00594104,0.00154
Pulsar,J1842-0612,0.0274519,0.00742
Pulsar,J1842+0638,0.0230644,0.00182
Pulsar,J1842-0905,0.0444756,0.001078
Pulsar,J1843-0000,0.0232258,0.00364
Pulsar,J1843-0050,0.0143407,0.002674
Pulsar,J1843-0137,0.0131805,0.00238
Pulsar,J1843-0211,0.0390511,0.00336
Pulsar,J1843-0355,0.0620929,0.002338
Pulsar,J1843-0408,0.0035972,0.00168
Pulsar,J1843-0459,0.0642983,0.00784
Pulsar,J1843-0702,0.0035972,0.000658
Pulsar,J1843-0744,0.00565979,0.00126
Pulsar,J1843-0806,0.00729,0.00294
Pulsar,J1843-1113,0.00038809,3.5e-05
Pulsar,J1843-1507,0.0142328,0.00091
Pulsar,B1841-04,0.00850124,0.00182
Pulsar,B1841-05,0.0840233,0.00266
Pulsar,B1842-02,0.0312157,0.0028
Pulsar,B1842+14,0.00745935,0.001302
Pulsar,J1844+00,0.380314,0.00168
Pulsar,J1844-0030,0.0314982,0.00224
Pulsar,J1844-0256,0.0353799,0.00952
Pulsar,J1844-0310,0.0417928,0.002856
Pulsar,J1844-0452,0.0125275,0.00224
Pulsar,J1844-0502,0.0106502,0.00336
Pulsar,B1842-04,0.0340034,0.00238
Pulsar,J1845-0316,0.0149243,0.00168
Pulsar,J1845-0545,0.0135533,0.00252
Pulsar,J1845+0623,0.0040425,0.00196
Pulsar,J1845-0743,0.0924007,0.000658
Pulsar,J1845-1114,0.0175532,0.000518
Pulsar,J1845-1351,0.018612,0.00224
Pulsar,J1846+0051,0.0034816,0.003948
Pulsar,J1846-0749,0.00379637,0.00266
Pulsar,B1844-04,0.0418579,0.00308
Pulsar,J1847-0130,0.0197695,0.0287
Pulsar,J1847-0438,0.0111392,0.001582
Pulsar,J1847-0443,0.00914458,0.00126
Pulsar,J1847-0605,0.0168545,0.001834
Pulsar,B1845-01,0.124184,0.00238
Pulsar,J1848-0023,0.0014415,0.002478
Pulsar,J1848-0055,0.0433219,0.003906
Pulsar,J1848-0511,0.0242114,0.01386
Pulsar,J1848+0604,0.0269809,0.00644
Pulsar,J1848+0647,0.000352512,0.00182
Pulsar,J1848+0826,0.00124926,0.00266
Pulsar,J1848-1150,0.00489907,0.00448
Pulsar,B1846-06,0.0189594,0.01246
Pulsar,J1849-0040,0.0870279,0.0090426
Pulsar,J1849+0127,0.00948134,0.00238
Pulsar,J1849-0317,0.002527,0.003248
Pulsar,J1849+0409,0.00057121,0.00154
Pulsar,J1849-0614,0.00436506,0.00196
Pulsar,B1848+13,0.00640874,0.000798
Pulsar,J1850-0006,0.0415873,0.01946
Pulsar,J1850-0026,0.202269,0.00182
Pulsar,J1850+0026,0.0182329,0.001974
Pulsar,J1850-0031,0.0223605,0.00448
Pulsar,B1848+04,0.00663227,0.00994
Pulsar,B1848+12,0.0091875,0.00154
Pulsar,J1851-0029,0.0207062,0.00182
Pulsar,J1851-0053,0.0015376,0.00266
Pulsar,J1851-0114,0.0110428,0.0035
Pulsar,J1851+0118,0.00450241,0.00336
Pulsar,J1851-0241,0.0107751,0.0049
Pulsar,B1849+00,0.220881,0.0329
Pulsar,J1852+0008,0.0080631,0.00224
Pulsar,J1852+0013,0.0156385,0.00266
Pulsar,J1852-0118,0.00931896,0.00336
Pulsar,J1852-0127,0.0242043,0.00252
Pulsar,J1852+0305,0.0362343,0.002184
Pulsar,J1852-0635,0.0627028,0.0126
Pulsar,J1852-2610,0.00715064,0.00098
Pulsar,J1853-0004,0.0376679,0.0003122
Pulsar,J1853+0011,0.0167851,0.001652
Pulsar,J1853+0056,0.0030644,0.000756
Pulsar,J1853+0505,0.0805933,0.01288
Pulsar,J1853+0545,0.0364046,0.00133
Pulsar,J1853+0853,0.0058619,0.007
Pulsar,B1852+10,0.0704447,0.00602
Pulsar,J1855+0307,0.0538374,0.00168
Pulsar,J1855+0422,0.0436601,0.005978
Pulsar,J1855+0527,0.0225816,0.00042
Pulsar,J1855+0700,0.00473344,0.000756
Pulsar,J1855-0941,0.0114309,0.00364
Pulsar,B1853+01,0.0020691,0.000532
Pulsar,J1856+0102,0.0281702,0.002352
Pulsar,J1856+0404,0.0233858,0.000924
Pulsar,B1854+00,0.00636355,0.00308
Pulsar,B1855+02,0.119163,0.00196
Pulsar,B1855+09,0.0041405,7.7e-05
Pulsar,J1857+0143,0.019856,0.002198
Pulsar,J1857+0210,0.06759,0.00224
Pulsar,J1857+0526,0.0863766,0.001358
Pulsar,J1857+0809,0.010817,0.00168
Pulsar,J1858+0215,0.0341554,0.00455
Pulsar,J1858+0241,0.00427716,0.0112
Pulsar,J1859+00,0.355008,0.00756
Pulsar,J1859+0601,0.0107281,0.0034048
Pulsar,B1857-26,0.052,0.004774
Pulsar,J1900-0051,0.00484128,0.000784
Pulsar,J1900+0227,0.00615859,0.002422
Pulsar,J1900+0634,0.0128247,0.001554
Pulsar,B1859+01,0.00332941,0.000854
Pulsar,B1859+03,0.272171,0.00154
Pulsar,B1859+07,0.0271261,0.00154
Pulsar,J1901+00,0.0233621,0.00308
Pulsar,J1901+0124,0.015552,0.0011557
Pulsar,J1901+0254,0.00714566,0.0098
Pulsar,J1901-0312,0.00186818,0.001106
Pulsar,J1901-0315,0.00444788,0.0014
Pulsar,J1901+0320,0.0533178,0.006608
Pulsar,J1901+0355,0.0155143,0.00168
Pulsar,J1901+0413,0.0525229,0.01169
Pulsar,J1901+0510,0.047349,0.0079604
Pulsar,J1901+0621,0.00423,0.00742
Pulsar,J1901-0906,0.0181548,0.00182
Pulsar,B1900+05,0.0183457,0.00154
Pulsar,B1900+06,0.102011,0.00336
Pulsar,J1902+0248,0.00630498,0.00495642
Pulsar,J1902-0340,0.0017125,0.0035
Pulsar,J1902+0723,0.00188511,0.00406
Pulsar,B1900+01,0.10648,0.001386
Pulsar,J1903-0258,0.00133673,0.000672
Pulsar,J1903+0601,0.0168905,0.00168
Pulsar,B1901+10,0.00941972,0.00392
Pulsar,J1904+0004,0.0868243,0.001092
Pulsar,J1904-0150,0.00219632,0.000784
Pulsar,J1904+0412,0.00369842,0.00035
Pulsar,J1904+0800,0.0304704,0.001288
Pulsar,B1902-01,0.0439283,0.000868
Pulsar,B1903+07,0.0446407,0.00546
Pulsar,J1905+0154A,0.0012482,7.14e-05
Pulsar,J1905+0400,8.978e-05,8.26e-05
Pulsar,J1905+0600,0.138053,0.00182
Pulsar,J1905+0616,0.0140034,0.00294
Pulsar,B1904+06,0.144828,0.00252
Pulsar,J1906+0414,0.0195095,0.00308
Pulsar,J1906+0649,0.00771147,0.00518
Pulsar,J1906+0746,0.0112865,8.4e-05
Pulsar,J1906+0912,0.010143,0.002338
Pulsar,B1905+39,0.00557568,0.00819
Pulsar,J1907+0249,0.0253259,0.003038
Pulsar,J1907+0345,0.0129859,0.000882
Pulsar,J1907+0534,0.0513229,0.001246
Pulsar,J1907+0731,0.00857588,0.00154
Pulsar,J1907+0740,0.0191821,0.001848
Pulsar,J1907+0918,0.0171049,0.000616
Pulsar,J1907+1149,0.00346133,0.0021
Pulsar,B1906+09,0.00614765,0.00364
Pulsar,J1908+0457,0.0804357,0.00588
Pulsar,J1908+0500,0.0155037,0.000546
Pulsar,J1908+0734,0.000181656,0.000392
Pulsar,J1908+0839,0.0434808,0.000714
Pulsar,J1908+0909,0.0170755,0.000966
Pulsar,B1907+00,0.00924601,0.00112
Pulsar,B1907+02,0.0119212,0.00154
Pulsar,B1907+10,0.0352946,0.000672
Pulsar,J1909+0616,0.0243501,0.00455
Pulsar,J1909+0912,0.023534,0.0014
Pulsar,J1909-3744,0.0038988,6.02e-06
Pulsar,B1907-03,0.0577844,0.001064
Pulsar,B1907+03,0.0130538,0.0371
Pulsar,B1907+12,0.0117211,0.00252
Pulsar,J1910-0112,0.00274313,0.007
Pulsar,J1910+0225,0.0240413,0.002296
Pulsar,J1910+0534,0.0971094,0.003612
Pulsar,J1910+0714,0.0046656,0.00308
Pulsar,J1910+0728,0.0318442,0.0021
Pulsar,J1910-5959A,0.0042525,5.6e-05
Pulsar,J1910-5959B,0.0010125,8.4e-05
Pulsar,J1910-5959C,0.00486,0.000182
Pulsar,J1910-5959D,0.0010125,9.8e-05
Pulsar,J1910-5959E,0.0014175,8.4e-05
Pulsar,J1911-1114,0.00126405,4.9e-05
Pulsar,J1911+1347,0.000207368,2.24e-05
Pulsar,B1910+10,0.00393644,0.0021
Pulsar,B1910+20,0.0187405,0.001386
Pulsar,B1911-04,0.045621,0.00105
Pulsar,B1911+09,0.00249318,0.00252
Pulsar,B1911+13,0.0308459,0.000868
Pulsar,J1913+0446,0.00558149,0.00224
Pulsar,J1913+0832,0.0361306,0.01078
Pulsar,J1913+0904,0.000852607,0.000406
Pulsar,J1913+1000,0.0327432,0.00448
Pulsar,J1913+1011,0.0100352,0.000294
Pulsar,J1913+1145,0.0975255,0.002016
Pulsar,B1911+11,0.00650848,0.0035
Pulsar,J1914+0219,0.0707131,0.00224
Pulsar,J1914+0631,0.00186742,0.001764
Pulsar,B1913+10,0.0367931,0.000938
Pulsar,B1913+16,0.0457532,0.001036
Pulsar,J1915+0227,0.02695,0.001022
Pulsar,J1915+0738,0.00133294,0.00154
Pulsar,J1915+0752,0.00266146,0.00336
Pulsar,J1915+0838,0.0198339,0.00196
Pulsar,J1915+1410,0.00600625,0.0021
Pulsar,B1913+105,0.0125405,0.0028
Pulsar,B1914+09,0.0075479,0.001344
Pulsar,B1914+13,0.0455347,0.000868
Pulsar,J1916+0748,0.190113,0.0112
Pulsar,J1916+0844,0.0279492,0.001162
Pulsar,J1916+0852,0.00519251,0.00672
Pulsar,J1916+1023,0.017289,0.01008
Pulsar,B1915+13,0.0314733,0.00056
Pulsar,J1917+0834,0.000706831,0.00952
Pulsar,B1916+14,0.0019881,0.00392
Pulsar,B1917+00,0.00881792,0.001414
Pulsar,J1919+0134,0.0805827,0.0077
Pulsar,J1920+1040,0.0297956,0.0063
Pulsar,J1920+1110,0.00978904,0.001428
Pulsar,B1918+19,0.112918,0.005642
Pulsar,B1919+14,0.0113196,0.00308
Pulsar,B1919+21,0.0026136,0.004326
Pulsar,B1920+21,0.21875,0.002072
Pulsar,B1924+14,0.0308738,0.00224
Pulsar,B1924+16,0.0778799,0.002044
Pulsar,J1927+0911,0.00827138,0.000518
Pulsar,B1927+13,0.0123405,0.00238
Pulsar,J1930+1852,0.0015,0.0021
Pulsar,B1929+10,0.0046656,0.001036
Pulsar,B1929+20,0.100467,0.002576
Pulsar,B1930+22,0.115248,0.000798
Pulsar,B1930+13,0.0275562,0.00406
Pulsar,J1933-6211,0.00091287,5.04e-05
Pulsar,B1933+16,2.64117,0.00126
Pulsar,B1935+25,0.0175205,0.00217
Pulsar,J1937+1505,0.0539948,0.00644
Pulsar,B1937+21,0.693889,8.82e-06
Pulsar,B1937-26,0.0674028,0.000574
Pulsar,B1940-12,0.00188272,0.001652
Pulsar,B1941-17,0.005618,0.002674
Pulsar,B1942-00,0.00996872,0.007
Pulsar,B1943-29,0.0148609,0.001358
Pulsar,B1944+17,0.007225,0.00189
Pulsar,B1946+35,0.514076,0.002702
Pulsar,B1946-25,0.00071824,0.001456
Pulsar,B1951+32,0.00625,0.000658
Pulsar,J1953+1846A,0.00267734,6.86e-05
Pulsar,B1952+29,0.0014112,0.00084
Pulsar,B1953+29,0.0319573,0.000252
Pulsar,B1953+50,0.01296,0.00084
Pulsar,B1957+20,0.00093636,4.9e-06
Pulsar,B2000+32,0.0535469,0.00245
Pulsar,B2000+40,0.337561,0.003472
Pulsar,B2002+31,0.143862,0.002982
Pulsar,J2005-0020,0.00186624,0.007
Pulsar,B2003-08,0.0113123,0.001848
Pulsar,J2010-1323,0.00266256,6.16e-05
Pulsar,B2011+38,1.09328,0.003178
Pulsar,B2016+28,0.028227,0.002086
Pulsar,J2021+3651,0.0356454,0.001386
Pulsar,B2020+28,0.27702,0.00168
Pulsar,B2021+51,0.108,0.001036
Pulsar,B2022+50,0.007128,0.000658
Pulsar,B2027+37,0.0294,0.003122
Pulsar,B2035+36,0.020402,0.001498
Pulsar,B2036+53,0.0573807,0.003318
Pulsar,B2043-04,0.0249371,0.002912
Pulsar,B2044+15,0.0111411,0.001344
Pulsar,B2045+56,0.0280527,0.00196
Pulsar,B2045-16,0.0043732,0.011788
Pulsar,J2051-0827,0.00458752,4.76e-05
Pulsar,B2048-72,0.006615,0.00392
Pulsar,B2053+36,0.0803754,0.001008
Pulsar,B2106+44,0.150543,0.003808
Pulsar,B2110+27,0.00212531,0.00182
Pulsar,B2111+46,0.473102,0.004494
Pulsar,B2113+14,0.0156999,0.00133
Pulsar,J2124-3358,0.0001,7.14e-05
Pulsar,B2127+11A,0.033282,0.00035
Pulsar,J2129-5721,0.0091035,4.34e-05
Pulsar,J2144-3933,2.312e-05,0.0035
Pulsar,J2145-0750,0.002,5.32e-05
Pulsar,B2148+63,0.540335,0.002534
Pulsar,B2148+52,0.0642978,0.001554
Pulsar,B2152-31,0.00047045,0.002786
Pulsar,B2154+40,0.529319,0.005404
Pulsar,J2208+5500,0.00327665,0.001204
Pulsar,B2210+29,0.0203918,0.007168
Pulsar,J2217+5733,0.0120932,0.00182
Pulsar,B2217+47,0.0180075,0.00105
Pulsar,B2224+65,0.008,0.002954
Pulsar,B2227+61,0.025992,0.003612
Pulsar,J2229+2643,0.00184041,8.12e-05
Pulsar,J2229+6114,0.0361802,0.00056
Pulsar,B2241+69,0.002116,0.003612
Pulsar,J2248-0101,0.00467856,0.00182
Pulsar,B2255+58,0.376832,0.002072
Pulsar,B2303+30,0.0338061,0.002436
Pulsar,B2306+55,0.0111272,0.003766
Pulsar,B2310+42,0.0135375,0.001232
Pulsar,B2315+21,0.00189225,0.002828
Pulsar,J2317+1439,0.0142884,6.44e-05
Pulsar,B2319+60,0.123649,0.018354
Pulsar,B2323+63,0.247673,0.018368
Pulsar,B2324+60,0.102223,0.002058
Pulsar,B2327-20,0.0007203,0.002408
Pulsar,B2334+61,0.00854126,0.00203
Pulsar,J2346-0609,0.0076832,0.00966
Pulsar,B2351+61,0.0547805,0.001456
